"Concatenated","relaxed.arboreal","toepads"
"Ablepharus_budaki","0",0
"Ablepharus_chernovi","0",0
"Ablepharus_kitaibelii","0",0
"Ablepharus_pannonicus","0",0
"Abronia_anzuetoi","1",0
"Abronia_aurita","1",0
"Abronia_campbelli","1",0
"Abronia_chiszari","1",0
"Abronia_fimbriata","1",0
"Abronia_frosti","1",0
"Abronia_graminea","1",0
"Abronia_lythrochila","1",0
"Abronia_matudai","1",0
"Abronia_mixteca","1",0
"Abronia_oaxacae","1",0
"Abronia_ornelasi","1",0
"Acanthocercus_atricollis","1",0
"Acanthodactylus_aureus","0",0
"Acanthodactylus_beershebensis","0",0
"Acanthodactylus_blanci","0",0
"Acanthodactylus_boskianus","0",0
"Acanthodactylus_busacki","0",0
"Acanthodactylus_cantoris","0",0
"Acanthodactylus_erythrurus","0",0
"Acanthodactylus_gongrorhynchatus","0",0
"Acanthodactylus_longipes","0",0
"Acanthodactylus_maculatus","0",0
"Acanthodactylus_masirae","0",0
"Acanthodactylus_opheodurus","0",0
"Acanthodactylus_pardalis","0",0
"Acanthodactylus_schmidti","0",0
"Acanthodactylus_schreiberi","0",0
"Acanthodactylus_scutellatus","0",0
"Acanthodactylus_tristrami","0",0
"Acanthosaura_armata","1",0
"Acanthosaura_capra","1",0
"Acanthosaura_crucigera","1",0
"Acanthosaura_lepidogaster","1",0
"Acratosaura_mentalis","0",0
"Adolfus_africanus","1",0
"Adolfus_alleni","0",0
"Adolfus_jacksoni","1",0
"Aeluroscalabotes_felinus","1",0
"Afroedura_karroica","0",1
"Afroedura_pondolia","1",1
"Afrogecko_porphyreus","1",1
"Agama_aculeata","0",0
"Agama_agama","1",0
"Agama_anchietae","0",0
"Agama_armata","1",0
"Agama_atra","0",0
"Agama_boueti","0",0
"Agama_boulengeri","0",0
"Agama_caudospinosa","0",0
"Agama_doriae","0",0
"Agama_finchi","1",0
"Agama_gracilimembris","0",0
"Agama_hispida","0",0
"Agama_impalearis","0",0
"Agama_insularis","0",0
"Agama_kaimosae","0",0
"Agama_lionotus","1",0
"Agama_mwanzae","0",0
"Agama_paragama","1",0
"Agama_planiceps","0",0
"Agama_rueppelli","0",0
"Agama_sankaranica","0",0
"Agama_spinosa","0",0
"Agama_weidholzi","1",0
"Agamura_persica","0",0
"Ailuronyx_seychellensis","1",1
"Ailuronyx_tachyscopaeus","1",1
"Ailuronyx_trachygaster","1",1
"Algyroides_fitzingeri","0",0
"Algyroides_marchi","0",0
"Algyroides_moreoticus","0",0
"Algyroides_nigropunctatus","1",0
"Alopoglossus_angulatus","0",0
"Alopoglossus_atriventris","0",0
"Alopoglossus_copii","0",0
"Alsophylax_pipiens","0",0
"Amalosia_lesueurii","0",1
"Amalosia_obscura","0",1
"Amalosia_rhombifer","1",1
"Ameiva_ameiva","0",0
"Ameiva_bifrontata","0",0
"Ameivula_ocellifera","0",0
"Amphibolurus_muricatus","1",0
"Amphibolurus_norrisi","1",0
"Amphiglossus_astrolabi","0",0
"Amphiglossus_reticulatus","0",0
"Anatololacerta_anatolica","0",0
"Anatololacerta_danfordi","0",0
"Anisolepis_longicauda","1",0
"Anolis_acutus","1",1
"Anolis_aeneus","1",1
"Anolis_aequatorialis","1",1
"Anolis_agassizi","0",1
"Anolis_ahli","1",1
"Anolis_alayoni","1",1
"Anolis_alfaroi","1",1
"Anolis_aliniger","1",1
"Anolis_allisoni","1",1
"Anolis_allogus","1",1
"Anolis_altae","1",1
"Anolis_alumina","1",1
"Anolis_alutaceus","1",1
"Anolis_anatoloros","1",1
"Anolis_angusticeps","1",1
"Anolis_annectens","1",1
"Anolis_aquaticus","0",1
"Anolis_argenteolus","1",1
"Anolis_argillaceus","1",1
"Anolis_armouri","0",1
"Anolis_auratus","1",1
"Anolis_bahorucoensis","1",1
"Anolis_baleatus","1",1
"Anolis_baracoae","1",1
"Anolis_barahonae","1",1
"Anolis_barbatus","1",1
"Anolis_barbouri","0",1
"Anolis_bartschi","0",1
"Anolis_bicaorum","1",1
"Anolis_bimaculatus","1",1
"Anolis_biporcatus","1",1
"Anolis_bitectus","1",1
"Anolis_bombiceps","0",1
"Anolis_bonairensis","1",1
"Anolis_boulengerianus","1",1
"Anolis_bremeri","1",1
"Anolis_brevirostris","1",1
"Anolis_brunneus","1",1
"Anolis_capito","1",1
"Anolis_carolinensis","1",1
"Anolis_carpenteri","1",1
"Anolis_casildae","1",1
"Anolis_caudalis","1",1
"Anolis_centralis","1",1
"Anolis_chamaeleonides","1",1
"Anolis_chloris","1",1
"Anolis_chlorocyanus","1",1
"Anolis_christophei","1",1
"Anolis_chrysolepis","1",1
"Anolis_clivicola","1",1
"Anolis_coelestinus","1",1
"Anolis_confusus","1",1
"Anolis_conspersus","1",1
"Anolis_cooki","1",1
"Anolis_crassulus","1",1
"Anolis_cristatellus","1",1
"Anolis_cupeyalensis","1",1
"Anolis_cupreus","1",1
"Anolis_cuvieri","1",1
"Anolis_cyanopleurus","1",1
"Anolis_cybotes","1",1
"Anolis_darlingtoni","1",1
"Anolis_desechensis","1",1
"Anolis_distichus","1",1
"Anolis_dolichocephalus","1",1
"Anolis_equestris","1",1
"Anolis_ernestwilliamsi","0",1
"Anolis_etheridgei","1",1
"Anolis_eugenegrahami","0",1
"Anolis_euskalerriari","1",1
"Anolis_evermanni","1",1
"Anolis_extremus","1",1
"Anolis_ferreus","1",1
"Anolis_festae","1",1
"Anolis_fitchi","1",1
"Anolis_fowleri","1",1
"Anolis_fraseri","1",1
"Anolis_frenatus","1",1
"Anolis_fuscoauratus","1",1
"Anolis_garmani","1",1
"Anolis_garridoi","1",1
"Anolis_gemmosus","1",1
"Anolis_gingivinus","1",1
"Anolis_grahami","1",1
"Anolis_griseus","1",1
"Anolis_guafe","0",1
"Anolis_guamuhaya","1",1
"Anolis_guazuma","1",1
"Anolis_gundlachi","1",1
"Anolis_hendersoni","1",1
"Anolis_heterodermus","1",1
"Anolis_homolechis","1",1
"Anolis_huilae","1",1
"Anolis_humilis","1",1
"Anolis_imias","1",1
"Anolis_inexpectatus","1",1
"Anolis_insignis","1",1
"Anolis_insolitus","1",1
"Anolis_isolepis","1",1
"Anolis_jacare","1",1
"Anolis_jubar","1",1
"Anolis_kemptoni","1",1
"Anolis_krugi","1",1
"Anolis_laeviventris","1",1
"Anolis_leachii","1",1
"Anolis_lemurinus","1",1
"Anolis_limifrons","1",1
"Anolis_lineatopus","1",1
"Anolis_lineatus","1",1
"Anolis_lionotus","0",1
"Anolis_lividus","1",1
"Anolis_longiceps","1",1
"Anolis_longitibialis","1",1
"Anolis_loveridgei","1",1
"Anolis_loysiana","1",1
"Anolis_luciae","1",1
"Anolis_lucius","1",1
"Anolis_luteogularis","1",1
"Anolis_macilentus","1",1
"Anolis_maculigula","0",1
"Anolis_marcanoi","1",1
"Anolis_marmoratus","1",1
"Anolis_marron","1",1
"Anolis_maynardi","1",1
"Anolis_meridionalis","1",1
"Anolis_mestrei","1",1
"Anolis_microtus","1",1
"Anolis_monensis","1",1
"Anolis_monticola","0",1
"Anolis_neblininus","1",1
"Anolis_noblei","1",1
"Anolis_nubilus","1",1
"Anolis_occultus","1",1
"Anolis_ocelloscapularis","1",1
"Anolis_oculatus","1",1
"Anolis_olssoni","1",1
"Anolis_onca","1",0
"Anolis_opalinus","1",1
"Anolis_ophiolepis","0",1
"Anolis_ortonii","1",1
"Anolis_oxylophus","0",1
"Anolis_paternus","1",1
"Anolis_peraccae","1",1
"Anolis_placidus","1",1
"Anolis_poecilopus","0",1
"Anolis_pogus","0",1
"Anolis_polylepis","1",1
"Anolis_poncensis","1",1
"Anolis_porcatus","1",1
"Anolis_porcus","1",1
"Anolis_princeps","1",1
"Anolis_pulchellus","1",1
"Anolis_pumilus","1",1
"Anolis_punctatus","1",1
"Anolis_purpurescens","1",1
"Anolis_purpurgularis","1",1
"Anolis_quadriocellifer","1",1
"Anolis_quercorum","1",1
"Anolis_reconditus","1",1
"Anolis_rejectus","1",1
"Anolis_richardii","1",1
"Anolis_ricordii","1",1
"Anolis_roquet","1",1
"Anolis_rubribarbaris","0",1
"Anolis_sabanus","1",1
"Anolis_sagrei","1",1
"Anolis_scriptus","1",1
"Anolis_semilineatus","1",1
"Anolis_sericeus","1",1
"Anolis_sheplani","1",1
"Anolis_shrevei","0",1
"Anolis_singularis","1",1
"Anolis_smallwoodi","1",1
"Anolis_smaragdinus","1",1
"Anolis_sminthus","1",1
"Anolis_strahmi","0",1
"Anolis_stratulus","1",1
"Anolis_terraealtae","1",1
"Anolis_tigrinus","1",1
"Anolis_trachyderma","1",1
"Anolis_transversalis","1",1
"Anolis_trinitatis","1",1
"Anolis_tropidogaster","1",1
"Anolis_tropidonotus","1",1
"Anolis_uniformis","0",1
"Anolis_utilensis","1",1
"Anolis_valencienni","1",1
"Anolis_vanidicus","1",1
"Anolis_vanzolinii","1",1
"Anolis_vermiculatus","0",1
"Anolis_wattsii","1",1
"Anolis_websteri","1",1
"Anolis_whitemani","1",1
"Anolis_woodi","1",1
"Anolis_zeus","1",1
"Apathya_cappadocica","1",0
"Aphaniotis_fusca","1",0
"Archaeolacerta_bedriagae","0",0
"Aristelliger_georgeensis","1",1
"Aristelliger_lar","1",1
"Aristelliger_praesignis","1",1
"Arthrosaura_kockii","0",0
"Arthrosaura_reticulata","0",0
"Asaccus_platyrhynchus","0",1
"Aspidoscelis_burti","0",0
"Aspidoscelis_ceralbensis","0",0
"Aspidoscelis_communis","0",0
"Aspidoscelis_costatus","0",0
"Aspidoscelis_deppii","0",0
"Aspidoscelis_gularis","0",0
"Aspidoscelis_guttatus","0",0
"Aspidoscelis_hyperythrus","0",0
"Aspidoscelis_inornatus","0",0
"Aspidoscelis_laredoensis","0",0
"Aspidoscelis_lineattissimus","0",0
"Aspidoscelis_marmoratus","0",0
"Aspidoscelis_sexlineatus","0",0
"Aspidoscelis_tigris","0",0
"Aspidoscelis_velox","0",0
"Aspronema_dorsivittatum","0",0
"Asymblepharus_alaicus","0",0
"Asymblepharus_sikimmensis","0",0
"Ateuchosaurus_pellopleurus","0",0
"Atlantolacerta_andreanskyi","0",0
"Aurivela_longicauda","0",0
"Australolacerta_australis","0",0
"Barisia_herrerae","1",0
"Barisia_imbricata","0",0
"Barisia_levicollis","0",0
"Barisia_rudicollis","0",0
"Basiliscus_basiliscus","0",0
"Basiliscus_galeritus","0",0
"Basiliscus_plumifrons","0",0
"Basiliscus_vittatus","0",0
"Bassiana_duperreyi","0",0
"Bassiana_trilineata","0",0
"Bavayia_cyclura","1",1
"Bavayia_geitaina","1",1
"Bavayia_goroensis","1",1
"Bavayia_montana","1",1
"Bavayia_ornata","1",1
"Bavayia_pulchella","1",1
"Bavayia_sauvagii","1",1
"Blaesodactylus_antongilensis","1",1
"Blaesodactylus_boivini","1",1
"Blaesodactylus_sakalava","1",1
"Brachylophus_fasciatus","1",0
"Brachylophus_vitiensis","1",0
"Brachymeles_schadenbergi","0",0
"Brachyseps_anosyensis","0",0
"Brachyseps_macrocercus","0",0
"Brachyseps_punctatus","1",0
"Bradypodion_atromontanum","1",0
"Bradypodion_caffer","1",0
"Bradypodion_damaranum","1",0
"Bradypodion_dracomontanum","1",0
"Bradypodion_gutturale","1",0
"Bradypodion_melanocephalum","1",0
"Bradypodion_nemorale","1",0
"Bradypodion_occidentale","1",0
"Bradypodion_pumilum","1",0
"Bradypodion_setaroi","1",0
"Bradypodion_taeniabronchum","1",0
"Bradypodion_thamnobates","1",0
"Bradypodion_transvaalense","1",0
"Bradypodion_ventrale","1",0
"Brasiliscincus_agilis","0",0
"Brasiliscincus_caissara","1",0
"Brasiliscincus_heathi","0",0
"Broadleysaurus_major","0",0
"Bronchocela_cristatella","1",0
"Brookesia_ambreensis","0",0
"Brookesia_antakarana","0",0
"Brookesia_betschi","1",0
"Brookesia_bonsi","0",0
"Brookesia_brygooi","0",0
"Brookesia_decaryi","0",0
"Brookesia_dentata","0",0
"Brookesia_ebenaui","1",0
"Brookesia_exarmata","1",0
"Brookesia_griveaudi","0",0
"Brookesia_karchei","0",0
"Brookesia_lineata","0",0
"Brookesia_minima","0",0
"Brookesia_perarmata","1",0
"Brookesia_peyrierasi","0",0
"Brookesia_stumpffi","0",0
"Brookesia_superciliaris","1",0
"Brookesia_therezieni","0",0
"Brookesia_thieli","1",0
"Brookesia_tuberculata","0",0
"Brookesia_vadoni","1",0
"Brookesia_valerieae","0",0
"Bufoniceps_laungwalaensis","0",0
"Bunopus_crassicauda","0",0
"Bunopus_tuberculatus","0",0
"Caesoris_novaecaledoniae","1",0
"Caledoniscincus_aquilonius","0",0
"Caledoniscincus_atropunctatus","0",0
"Caledoniscincus_auratus","0",0
"Caledoniscincus_austrocaledonicus","0",0
"Caledoniscincus_chazeaui","0",0
"Caledoniscincus_festivus","0",0
"Caledoniscincus_haplorhinus","0",0
"Caledoniscincus_orestes","0",0
"Caledoniscincus_renevieri","0",0
"Caledoniscincus_terma","0",0
"Callisaurus_draconoides","0",0
"Callopistes_flavipunctatus","0",0
"Callopistes_maculatus","0",0
"Calodactylodes_aureus","0",1
"Calodactylodes_illingworthorum","0",1
"Calotes_calotes","1",0
"Calotes_ceylonensis","1",0
"Calotes_chincollium","1",0
"Calotes_emma","1",0
"Calotes_htunwini","1",0
"Calotes_irawadi","1",0
"Calotes_liocephalus","1",0
"Calotes_liolepis","1",0
"Calotes_mystaceus","1",0
"Calotes_nigrilabris","1",0
"Calotes_versicolor","1",0
"Calumma_boettgeri","1",0
"Calumma_brevicorne","1",0
"Calumma_capuroni","1",0
"Calumma_cucullatum","1",0
"Calumma_fallax","1",0
"Calumma_furcifer","1",0
"Calumma_gallus","1",0
"Calumma_gastrotaenia","1",0
"Calumma_globifer","1",0
"Calumma_guibei","1",0
"Calumma_hilleniusi","1",0
"Calumma_malthe","1",0
"Calumma_nasutum","1",0
"Calumma_oshaughnessyi","1",0
"Calumma_parsonii","1",0
"Calumma_tsaratananense","1",0
"Carinascincus_greeni","0",0
"Carinascincus_metallicus","0",0
"Carinascincus_ocellatus","0",0
"Carinascincus_pretiosus","1",0
"Carlia_amax","0",0
"Carlia_bicarinata","1",0
"Carlia_dogare","0",0
"Carlia_fusca","0",0
"Carlia_gracilis","0",0
"Carlia_jarnoldae","1",0
"Carlia_johnstonei","0",0
"Carlia_longipes","1",0
"Carlia_munda","0",0
"Carlia_mysi","0",0
"Carlia_pectoralis","0",0
"Carlia_rhomboidalis","0",0
"Carlia_rostralis","0",0
"Carlia_rubrigularis","0",0
"Carlia_rufilatus","0",0
"Carlia_schmeltzii","0",0
"Carlia_storri","0",0
"Carlia_tetradactyla","0",0
"Carlia_triacantha","0",0
"Carlia_vivax","0",0
"Carphodactylus_laevis","1",0
"Celatiscincus_euryotis","0",0
"Celestus_enneagrammus","0",0
"Celestus_haetianus","0",0
"Ceratophora_aspera","1",0
"Ceratophora_erdeleni","1",0
"Ceratophora_karu","1",0
"Ceratophora_stoddartii","1",0
"Cercosaura_argulus","1",0
"Cercosaura_eigenmanni","0",0
"Cercosaura_ocellata","1",0
"Cercosaura_oshaughnessyi","1",0
"Cercosaura_schreibersii","0",0
"Chalarodon_madagascariensis","0",0
"Chalcides_lanzai","0",0
"Chalcides_polylepis","0",0
"Chalcides_sexlineatus","0",0
"Chalcides_viridanus","0",0
"Chamaeleo_africanus","1",0
"Chamaeleo_arabicus","1",0
"Chamaeleo_calcaricarens","1",0
"Chamaeleo_calyptratus","1",0
"Chamaeleo_chamaeleon","1",0
"Chamaeleo_dilepis","1",0
"Chamaeleo_gracilis","1",0
"Chamaeleo_laevigatus","1",0
"Chamaeleo_monachus","1",0
"Chamaeleo_namaquensis","0",0
"Chamaeleo_senegalensis","1",0
"Chamaeleo_zeylanicus","1",0
"Chatogekko_amazonicus","0",1
"Chelosania_brunnea","1",0
"Chioninia_coctei","0",0
"Chlamydosaurus_kingii","1",0
"Chondrodactylus_angulifer","0",0
"Chondrodactylus_bibronii","1",1
"Chondrodactylus_fitzsimonsi","0",1
"Chondrodactylus_turneri","0",1
"Christinus_marmoratus","1",1
"Cnemaspis_africana","1",1
"Cnemaspis_dickersonae","1",0
"Cnemaspis_kandiana","1",0
"Cnemaspis_kendallii","1",0
"Cnemaspis_limi","0",0
"Cnemaspis_podihuna","1",0
"Cnemaspis_tropidogaster","1",0
"Cnemaspis_uzungwae","1",1
"Cnemidophorus_gramivagus","0",0
"Cnemidophorus_lemniscatus","1",0
"Cnemidophorus_vanzoi","0",0
"Coleodactylus_brachystoma","0",1
"Coleodactylus_meridionalis","0",1
"Coleodactylus_natalensis","0",1
"Coleodactylus_septentrionalis","0",1
"Coleonyx_brevis","0",0
"Coleonyx_elegans","0",0
"Coleonyx_mitratus","0",0
"Coleonyx_variegatus","0",0
"Colobodactylus_dalcyanus","0",0
"Colobodactylus_taunayi","0",0
"Colobosaura_modesta","0",0
"Colobosauroides_cearensis","0",0
"Coloptychon_rhombifer","1",0
"Colopus_kochii","0",1
"Colopus_wahlbergii","0",1
"Concinnia_amplus","0",0
"Concinnia_frerei","1",0
"Concinnia_martini","1",0
"Concinnia_sokosoma","1",0
"Concinnia_tenuis","1",0
"Concinnia_tigrinus","0",0
"Congolacerta_vauereselli","1",0
"Conolophus_pallidus","0",0
"Conolophus_subcristatus","0",0
"Contomastix_lacertoides","0",0
"Copeoglossum_nigropunctatum","0",0
"Cophosaurus_texanus","0",0
"Cophotis_ceylanica","1",0
"Cophotis_dumbara","1",0
"Cordylosaurus_subtessellatus","0",0
"Cordylus_aridus","0",0
"Cordylus_beraduccii","0",0
"Cordylus_cordylus","0",0
"Cordylus_imkeae","0",0
"Cordylus_jonesii","1",0
"Cordylus_macropholis","1",0
"Cordylus_mclachlani","0",0
"Cordylus_meculae","0",0
"Cordylus_minor","0",0
"Cordylus_niger","0",0
"Cordylus_oelofseni","0",0
"Cordylus_rhodesianus","0",0
"Cordylus_tropidosternum","1",0
"Cordylus_ukingensis","1",0
"Cordylus_vittifer","0",0
"Correlophus_ciliatus","1",1
"Correlophus_sarasinorum","1",1
"Corucia_zebrata","1",0
"Coryphophylax_subcristatus","1",0
"Corytophanes_cristatus","1",0
"Corytophanes_percarinatus","1",0
"Crenadactylus_ocellatus","0",1
"Cricosaura_typica","0",0
"Crocodilurus_amazonicus","0",0
"Crossobamon_orientalis","0",0
"Crotaphytus_antiquus","0",0
"Crotaphytus_bicinctores","0",0
"Crotaphytus_collaris","0",0
"Crotaphytus_grismeri","0",0
"Crotaphytus_insularis","0",0
"Crotaphytus_nebrius","0",0
"Crotaphytus_reticulatus","0",0
"Crotaphytus_vestigium","0",0
"Cryptactites_peringueyi","1",1
"Cryptoblepharus_boutonii","1",0
"Cryptoblepharus_nigropunctatus","0",0
"Cryptoblepharus_novocaledonicus","0",0
"Ctenoblepharys_adspersa","0",0
"Ctenophorus_adelaidensis","0",0
"Ctenophorus_caudicinctus","0",0
"Ctenophorus_clayi","1",0
"Ctenophorus_cristatus","0",0
"Ctenophorus_decresii","0",0
"Ctenophorus_femoralis","0",0
"Ctenophorus_fionni","0",0
"Ctenophorus_fordi","0",0
"Ctenophorus_gibba","0",0
"Ctenophorus_isolepis","0",0
"Ctenophorus_maculatus","0",0
"Ctenophorus_maculosus","0",0
"Ctenophorus_mckenziei","0",0
"Ctenophorus_ornatus","0",0
"Ctenophorus_rufescens","0",0
"Ctenophorus_scutulatus","0",0
"Ctenophorus_tjantjalka","0",0
"Ctenophorus_vadnappa","0",0
"Ctenosaura_acanthura","1",0
"Ctenosaura_bakeri","1",0
"Ctenosaura_flavidorsalis","1",0
"Ctenosaura_hemilopha","1",0
"Ctenosaura_melanosterna","1",0
"Ctenosaura_oaxacana","1",0
"Ctenosaura_oedirhina","1",0
"Ctenosaura_palearis","1",0
"Ctenosaura_pectinata","1",0
"Ctenosaura_quinquecarinata","1",0
"Ctenosaura_similis","1",0
"Ctenotus_angusticeps","0",0
"Ctenotus_atlas","0",0
"Ctenotus_australis","0",0
"Ctenotus_brooksi","0",0
"Ctenotus_essingtonii","0",0
"Ctenotus_grandis","0",0
"Ctenotus_greeri","0",0
"Ctenotus_hanloni","0",0
"Ctenotus_hebetior","0",0
"Ctenotus_hilli","0",0
"Ctenotus_inornatus","0",0
"Ctenotus_labillardieri","0",0
"Ctenotus_leae","0",0
"Ctenotus_leonhardii","0",0
"Ctenotus_maryani","0",0
"Ctenotus_mimetes","0",0
"Ctenotus_nasutus","0",0
"Ctenotus_olympicus","0",0
"Ctenotus_pantherinus","0",0
"Ctenotus_piankai","0",0
"Ctenotus_pulchellus","0",0
"Ctenotus_quattuordecimlineatus","0",0
"Ctenotus_regius","0",0
"Ctenotus_robustus","0",0
"Ctenotus_rubicundus","0",0
"Ctenotus_rutilans","0",0
"Ctenotus_schomburgkii","0",0
"Ctenotus_serventyi","0",0
"Ctenotus_spaldingi","1",0
"Ctenotus_strauchii","0",0
"Ctenotus_taeniolatus","0",0
"Ctenotus_tanamiensis","0",0
"Ctenotus_uber","1",0
"Ctenotus_youngsoni","0",0
"Cyclodomorphus_branchialis","0",0
"Cyclodomorphus_casuarinae","0",0
"Cyclodomorphus_michaeli","0",0
"Cyclura_carinata","1",0
"Cyclura_collei","1",0
"Cyclura_cornuta","0",0
"Cyclura_cychlura","0",0
"Cyclura_nubila","1",0
"Cyclura_pinguis","0",0
"Cyclura_ricordi","0",0
"Cyclura_rileyi","1",0
"Cyrtodactylus_agusanensis","1",0
"Cyrtodactylus_angularis","0",0
"Cyrtodactylus_annulatus","1",0
"Cyrtodactylus_ayeyarwadyensis","1",0
"Cyrtodactylus_consobrinus","1",0
"Cyrtodactylus_epiroticus","1",0
"Cyrtodactylus_intermedius","1",0
"Cyrtodactylus_jarujini","1",0
"Cyrtodactylus_klugei","1",0
"Cyrtodactylus_loriae","1",0
"Cyrtodactylus_louisiadensis","1",0
"Cyrtodactylus_marmoratus","1",0
"Cyrtodactylus_novaeguineae","1",0
"Cyrtodactylus_oldhami","0",0
"Cyrtodactylus_philippinicus","1",0
"Cyrtodactylus_pulchellus","1",0
"Cyrtodactylus_robustus","1",0
"Cyrtodactylus_sermowaiensis","1",0
"Cyrtodactylus_triedrus","1",0
"Cyrtodactylus_tripartitus","1",0
"Cyrtodactylus_tuberculatus","0",0
"Cyrtopodion_agamuroides","0",0
"Cyrtopodion_scabrum","0",0
"Cyrtopodion_sistanense","0",0
"Dactylocnemis_pacificus","1",1
"Dalmatolacerta_oxycephala","0",0
"Darevskia_alpina","0",0
"Darevskia_armeniaca","0",0
"Darevskia_brauneri","0",0
"Darevskia_caucasica","0",0
"Darevskia_chlorogaster","1",0
"Darevskia_clarkorum","0",0
"Darevskia_daghestanica","0",0
"Darevskia_derjugini","0",0
"Darevskia_lindholmi","0",0
"Darevskia_mixta","0",0
"Darevskia_parvula","0",0
"Darevskia_portschinskii","0",0
"Darevskia_praticola","0",0
"Darevskia_raddei","0",0
"Darevskia_rostombekowi","0",0
"Darevskia_rudis","0",0
"Darevskia_saxicola","0",0
"Darevskia_uzzelli","0",0
"Darevskia_valentini","0",0
"Dasia_grisea","1",0
"Dasia_olivacea","1",0
"Dasia_vittata","1",0
"Dicrodon_guttulatum","1",0
"Dierogekko_inexpectatus","1",1
"Dierogekko_insularis","1",1
"Dierogekko_kaalaensis","1",1
"Dierogekko_nehoueensis","1",1
"Dierogekko_poumensis","1",1
"Dierogekko_validiclavis","1",1
"Dinarolacerta_montenegrina","0",0
"Dinarolacerta_mosorensis","0",0
"Diplodactylus_capensis","0",1
"Diplodactylus_conspicillatus","0",1
"Diplodactylus_fulleri","0",1
"Diplodactylus_galeatus","0",1
"Diplodactylus_granariensis","1",1
"Diplodactylus_klugei","0",1
"Diplodactylus_mitchelli","0",1
"Diplodactylus_ornatus","0",1
"Diplodactylus_polyophthalmus","0",1
"Diplodactylus_pulcher","0",1
"Diplodactylus_savagei","0",1
"Diplodactylus_tessellatus","0",1
"Diplodactylus_vittatus","0",1
"Diplolaemus_darwinii","0",0
"Diporiphora_albilabris","0",0
"Diporiphora_amphiboluroides","1",0
"Diporiphora_arnhemica","0",0
"Diporiphora_australis","1",0
"Diporiphora_bennettii","0",0
"Diporiphora_bilineata","1",0
"Diporiphora_lalliae","1",0
"Diporiphora_linga","1",0
"Diporiphora_magna","1",0
"Diporiphora_nobbi","1",0
"Diporiphora_pindan","1",0
"Diporiphora_reginae","1",0
"Diporiphora_superba","1",0
"Diporiphora_valens","1",0
"Diporiphora_winneckei","1",0
"Dipsosaurus_dorsalis","0",0
"Dixonius_melanostictus","0",1
"Dixonius_siamensis","1",1
"Dixonius_vietnamensis","0",1
"Dracaena_guianensis","0",0
"Draco_beccarii","1",0
"Draco_biaro","1",0
"Draco_bimaculatus","1",0
"Draco_blanfordii","1",0
"Draco_boschmai","1",0
"Draco_caerulhians","1",0
"Draco_cornutus","1",0
"Draco_cristatellus","1",0
"Draco_cyanopterus","1",0
"Draco_dussumieri","1",0
"Draco_fimbriatus","1",0
"Draco_guentheri","1",0
"Draco_haematopogon","1",0
"Draco_indochinensis","1",0
"Draco_lineatus","1",0
"Draco_maculatus","1",0
"Draco_maximus","1",0
"Draco_melanopogon","1",0
"Draco_mindanensis","1",0
"Draco_obscurus","1",0
"Draco_ornatus","1",0
"Draco_palawanensis","1",0
"Draco_quadrasi","1",0
"Draco_quinquefasciatus","1",0
"Draco_reticulatus","1",0
"Draco_rhytisma","1",0
"Draco_spilonotus","1",0
"Draco_spilopterus","1",0
"Draco_taeniopterus","1",0
"Draco_timoriensis","1",0
"Draco_volans","1",0
"Ebenavia_inunguis","1",1
"Ecpleopus_gaudichaudii","0",0
"Egernia_depressa","1",0
"Egernia_hosmeri","0",0
"Egernia_napoleonis","1",0
"Egernia_richardi","1",0
"Egernia_saxatilis","1",0
"Egernia_stokesii","1",0
"Elasmodactylus_tetensis","1",1
"Elasmodactylus_tuberculosus","1",1
"Elgaria_coerulea","0",0
"Elgaria_kingii","0",0
"Elgaria_multicarinata","0",0
"Elgaria_panamintina","0",0
"Elgaria_paucicarinata","0",0
"Emoia_atrocostata","0",0
"Emoia_caeruleocauda","1",0
"Emoia_concolor","1",0
"Emoia_cyanogaster","1",0
"Emoia_cyanura","1",0
"Emoia_impar","0",0
"Emoia_isolata","0",0
"Emoia_jakati","0",0
"Emoia_loyaltiensis","1",0
"Emoia_physicae","0",0
"Emoia_pseudocyanura","1",0
"Emoia_schmidti","1",0
"Emoia_tongana","1",0
"Enyalioides_heterolepis","0",0
"Enyalioides_laticeps","1",0
"Enyalioides_microlepis","0",0
"Enyalioides_palpebralis","1",0
"Enyalius_bilineatus","1",0
"Enyalius_leechii","1",0
"Eremias_argus","0",0
"Eremias_arguta","0",0
"Eremias_brenchleyi","0",0
"Eremias_grammica","0",0
"Eremias_montana","0",0
"Eremias_multiocellata","0",0
"Eremias_persica","0",0
"Eremias_pleskei","0",0
"Eremias_przewalskii","0",0
"Eremias_velox","0",0
"Eremiascincus_douglasi","0",0
"Eremiascincus_isolepis","0",0
"Eublepharis_macularius","0",0
"Eublepharis_turcmenicus","0",0
"Eugongylus_albofasciolatus","0",0
"Eugongylus_rufescens","0",0
"Eulamprus_heatwolei","0",0
"Eulamprus_kosciuskoi","0",0
"Eulamprus_leuraensis","0",0
"Eulamprus_quoyii","0",0
"Eulamprus_tympanum","1",0
"Euleptes_europaea","1",1
"Eumeces_algeriensis","0",0
"Eumeces_schneideri","0",0
"Eurolophosaurus_amathites","0",0
"Eurolophosaurus_divaricatus","0",0
"Eurolophosaurus_nanuzae","0",0
"Eurydactylodes_agricolae","1",1
"Eurydactylodes_occidentalis","1",1
"Eurydactylodes_symmetricus","1",1
"Eurydactylodes_vieillardi","1",1
"Eutropis_beddomei","0",0
"Eutropis_clivicola","0",0
"Eutropis_cumingi","0",0
"Eutropis_longicaudata","0",0
"Eutropis_multicarinata","0",0
"Eutropis_multifasciata","0",0
"Eutropis_nagarjunensis","0",0
"Eutropis_rudis","0",0
"Eutropis_trivittata","0",0
"Exila_nigropalmata","1",0
"Flexiseps_mandokava","0",0
"Flexiseps_melanurus","0",0
"Furcifer_angeli","1",0
"Furcifer_antimena","0",0
"Furcifer_balteatus","1",0
"Furcifer_belalandaensis","1",0
"Furcifer_bifidus","1",0
"Furcifer_campani","0",0
"Furcifer_cephalolepis","1",0
"Furcifer_labordi","1",0
"Furcifer_lateralis","1",0
"Furcifer_minor","1",0
"Furcifer_oustaleti","1",0
"Furcifer_pardalis","1",0
"Furcifer_petteri","1",0
"Furcifer_polleni","1",0
"Furcifer_verrucosus","1",0
"Furcifer_willsii","1",0
"Gallotia_atlantica","0",0
"Gallotia_bravoana","0",0
"Gallotia_caesaris","0",0
"Gallotia_galloti","0",0
"Gallotia_intermedia","0",0
"Gallotia_simonyi","0",0
"Gallotia_stehlini","0",0
"Gambelia_copeii","0",0
"Gambelia_sila","0",0
"Gambelia_wislizenii","0",0
"Garthia_gaudichaudii","0",0
"Gastropholis_prasina","1",0
"Gastropholis_vittata","1",0
"Geckolepis_maculata","1",1
"Geckolepis_typica","1",1
"Gehyra_australis","1",1
"Gehyra_baliola","1",1
"Gehyra_barea","1",1
"Gehyra_borroloola","0",1
"Gehyra_brevipalmata","1",1
"Gehyra_catenata","1",1
"Gehyra_dubia","1",1
"Gehyra_fehlmanni","0",1
"Gehyra_koira","0",1
"Gehyra_lacerata","1",1
"Gehyra_membranacruralis","1",1
"Gehyra_minuta","0",1
"Gehyra_montium","0",1
"Gehyra_mutilata","1",1
"Gehyra_nana","0",1
"Gehyra_occidentalis","0",1
"Gehyra_oceanica","1",1
"Gehyra_pamela","0",1
"Gehyra_pilbara","1",1
"Gehyra_punctata","0",1
"Gehyra_purpurascens","1",1
"Gehyra_robusta","0",1
"Gehyra_variegata","1",1
"Gehyra_xenopus","0",1
"Gekko_athymus","1",1
"Gekko_auriverrucosus","1",1
"Gekko_badenii","0",1
"Gekko_chinensis","1",1
"Gekko_crombota","1",1
"Gekko_gecko","1",1
"Gekko_hokouensis","1",1
"Gekko_japonicus","0",1
"Gekko_mindorensis","1",1
"Gekko_monarchus","1",1
"Gekko_petricolus","0",1
"Gekko_romblon","1",1
"Gekko_smithii","1",1
"Gekko_vittatus","1",1
"Gerrhonotus_infernalis","1",0
"Gerrhonotus_liocephalus","1",0
"Gerrhonotus_parvus","0",0
"Gerrhosaurus_flavigularis","0",0
"Gerrhosaurus_multilineatus","0",0
"Gerrhosaurus_nigrolineatus","0",0
"Gerrhosaurus_skoogi","0",0
"Gerrhosaurus_typicus","0",0
"Glaphyromorphus_cracens","0",0
"Glaphyromorphus_fuscicaudis","0",0
"Goggia_lineata","0",1
"Gonatodes_albogularis","1",0
"Gonatodes_alexandermendesi","1",0
"Gonatodes_annularis","1",0
"Gonatodes_antillensis","0",0
"Gonatodes_caudiscutatus","1",0
"Gonatodes_ceciliae","1",0
"Gonatodes_concinnatus","1",0
"Gonatodes_daudini","0",0
"Gonatodes_falconensis","0",0
"Gonatodes_hasemani","1",0
"Gonatodes_humeralis","1",0
"Gonatodes_infernalis","0",0
"Gonatodes_ocellatus","1",0
"Gonatodes_petersi","1",0
"Gonatodes_seigliei","1",0
"Gonatodes_superciliaris","0",0
"Gonatodes_taniae","0",0
"Gonatodes_vittatus","1",0
"Gongylomorphus_bojerii","0",0
"Goniurosaurus_araneus","0",0
"Goniurosaurus_catbaensis","0",0
"Goniurosaurus_kuroiwae","1",0
"Goniurosaurus_lichtenfelderi","0",0
"Goniurosaurus_luii","0",0
"Gonocephalus_chamaeleontinus","1",0
"Gonocephalus_grandis","1",0
"Gonocephalus_kuhlii","1",0
"Gowidon_longirostris","1",0
"Graciliscincus_shonae","0",0
"Gymnophthalmus_cryptus","0",0
"Gymnophthalmus_pleei","0",0
"Gymnophthalmus_underwoodi","0",0
"Gymnophthalmus_vanzoi","0",0
"Haemodracon_riebeckii","1",1
"Hakaria_simonyi","0",0
"Harrisoniascincus_zia","0",0
"Heliobolus_lugubris","0",0
"Heliobolus_spekii","0",0
"Hellenolacerta_graeca","1",0
"Heloderma_horridum","0",0
"Heloderma_suspectum","0",0
"Hemicordylus_capensis","0",0
"Hemicordylus_nebulosus","0",0
"Hemidactylus_aaronbaueri","0",1
"Hemidactylus_agrius","0",1
"Hemidactylus_albofasciatus","0",1
"Hemidactylus_angulatus","1",1
"Hemidactylus_bowringii","1",1
"Hemidactylus_brasilianus","1",1
"Hemidactylus_brookii","1",1
"Hemidactylus_citernii","1",1
"Hemidactylus_depressus","1",1
"Hemidactylus_dracaenacolus","1",1
"Hemidactylus_fasciatus","1",1
"Hemidactylus_flaviviridis","1",1
"Hemidactylus_forbesii","0",1
"Hemidactylus_foudaii","0",1
"Hemidactylus_frenatus","1",1
"Hemidactylus_garnotii","1",1
"Hemidactylus_giganteus","0",1
"Hemidactylus_gracilis","0",1
"Hemidactylus_granti","0",1
"Hemidactylus_greeffii","1",1
"Hemidactylus_homoeolepis","1",1
"Hemidactylus_imbricatus","0",1
"Hemidactylus_karenorum","1",1
"Hemidactylus_lemurinus","0",1
"Hemidactylus_leschenaultii","1",1
"Hemidactylus_longicephalus","0",1
"Hemidactylus_mabouia","1",1
"Hemidactylus_macropholis","1",1
"Hemidactylus_maculatus","0",1
"Hemidactylus_mercatorius","1",1
"Hemidactylus_mindiae","0",1
"Hemidactylus_modestus","0",1
"Hemidactylus_oxyrhinus","0",1
"Hemidactylus_palaichthus","1",1
"Hemidactylus_persicus","1",1
"Hemidactylus_platycephalus","1",1
"Hemidactylus_platyurus","1",1
"Hemidactylus_prashadi","1",1
"Hemidactylus_pumilio","0",1
"Hemidactylus_reticulatus","0",1
"Hemidactylus_robustus","1",1
"Hemidactylus_sataraensis","0",1
"Hemidactylus_triedrus","1",1
"Hemidactylus_turcicus","1",1
"Hemidactylus_yerburii","1",1
"Hemiergis_millewae","0",0
"Hemiphyllodactylus_aurantiacus","0",1
"Hemiphyllodactylus_typus","1",1
"Hemiphyllodactylus_yunnanensis","1",1
"Hemitheconyx_caudicinctus","0",0
"Heremites_auratus","0",0
"Heremites_vittatus","1",0
"Hesperoedura_reticulata","1",1
"Heterodactylus_imbricatus","0",0
"Heteronotia_binoei","1",0
"Heteronotia_planiceps","0",0
"Heteronotia_spelea","0",0
"Holaspis_guentheri","1",0
"Holaspis_laevis","1",0
"Holbrookia_lacerata","0",0
"Holbrookia_maculata","0",0
"Holbrookia_propinqua","0",0
"Holcosus_festivus","0",0
"Holcosus_quadrilineatus","0",0
"Holcosus_undulatus","0",0
"Holodactylus_africanus","0",0
"Homonota_andicola","0",0
"Homonota_borellii","0",0
"Homonota_darwinii","0",0
"Homonota_fasciata","1",0
"Homonota_underwoodi","0",0
"Homopholis_fasciata","1",1
"Homopholis_mulleri","1",1
"Homopholis_walbergii","1",1
"Hoplocercus_spinosus","0",0
"Hoplodactylus_duvaucelii","1",1
"Hydrosaurus_amboinensis","0",0
"Hypsilurus_modestus","1",0
"Iberolacerta_aranica","0",0
"Iberolacerta_aurelioi","0",0
"Iberolacerta_bonnali","0",0
"Iberolacerta_cyreni","0",0
"Iberolacerta_galani","0",0
"Iberolacerta_horvathi","0",0
"Iberolacerta_monticola","0",0
"Ichnotropis_capensis","0",0
"Iguana_delicatissima","1",0
"Iguana_iguana","1",0
"Insulasaurus_arborens","1",0
"Intellagama_lesueurii","0",0
"Iphisa_elegans","0",0
"Iranolacerta_brandtii","0",0
"Iranolacerta_zagrosica","0",0
"Japalura_flaviceps","1",0
"Japalura_polygonata","1",0
"Japalura_splendida","1",0
"Japalura_tricarinata","1",0
"Japalura_variegata","1",0
"Kanakysaurus_viviparus","0",0
"Karusasaurus_jordani","0",0
"Karusasaurus_polyzonus","0",0
"Kentropyx_altamazonica","0",0
"Kentropyx_calcarata","1",0
"Kentropyx_paulensis","0",0
"Kentropyx_pelviceps","1",0
"Kentropyx_striata","1",0
"Kentropyx_vanzoi","0",0
"Kentropyx_viridistriga","0",0
"Kinyongia_adolfifriderici","1",0
"Kinyongia_boehmei","1",0
"Kinyongia_carpenteri","1",0
"Kinyongia_excubitor","1",0
"Kinyongia_fischeri","1",0
"Kinyongia_matschiei","1",0
"Kinyongia_multituberculata","1",0
"Kinyongia_oxyrhina","1",0
"Kinyongia_tavetana","1",0
"Kinyongia_tenuis","1",0
"Kinyongia_uthmoelleri","1",0
"Kinyongia_vosseleri","1",0
"Kinyongia_xenorhina","1",0
"Lacerta_agilis","0",0
"Lacerta_bilineata","0",0
"Lacerta_media","1",0
"Lacerta_schreiberi","0",0
"Lacerta_strigata","0",0
"Lacerta_trilineata","1",0
"Lacerta_viridis","1",0
"Lacertaspis_gemmiventris","1",0
"Lacertaspis_reichenowi","1",0
"Lacertaspis_rohdei","0",0
"Lacertoides_pardalis","0",0
"Laemanctus_longipes","1",0
"Lamprolepis_smaragdina","1",0
"Lampropholis_coggeri","0",0
"Lampropholis_delicata","0",0
"Lampropholis_guichenoti","0",0
"Lampropholis_robertsi","0",0
"Latastia_longicaudata","0",0
"Laudakia_nupta","0",0
"Laudakia_sacra","0",0
"Laudakia_tuberculata","0",0
"Leiocephalus_barahonensis","0",0
"Leiocephalus_carinatus","0",0
"Leiocephalus_personatus","0",0
"Leiocephalus_psammodromus","0",0
"Leiocephalus_raviceps","0",0
"Leiocephalus_schreibersii","0",0
"Leiolepis_guentherpetersi","0",0
"Leiolepis_guttata","0",0
"Leiolepis_reevesii","0",0
"Leiolopisma_telfairii","0",0
"Leiosaurus_bellii","0",0
"Leiosaurus_catamarcensis","0",0
"Leiosaurus_paronae","0",0
"Lepidoblepharis_festae","0",0
"Lepidoblepharis_xanthostigma","0",0
"Lepidodactylus_lugubris","1",1
"Lepidodactylus_moestus","1",1
"Lepidodactylus_novaeguineae","1",1
"Lepidodactylus_orientalis","1",1
"Lepidophyma_cuicateca","0",0
"Lepidophyma_dontomasi","0",0
"Lepidophyma_flavimaculatum","1",0
"Lepidophyma_gaigeae","0",0
"Lepidophyma_lineri","0",0
"Lepidophyma_lipetzi","0",0
"Lepidophyma_lowei","0",0
"Lepidophyma_mayae","0",0
"Lepidophyma_micropholis","0",0
"Lepidophyma_occulor","0",0
"Lepidophyma_pajapanensis","1",0
"Lepidophyma_radula","0",0
"Lepidophyma_reticulatum","0",0
"Lepidophyma_smithii","0",0
"Lepidophyma_sylvaticum","1",0
"Lepidophyma_tuxtlae","1",0
"Lepidothyris_fernandi","0",0
"Leposoma_annectans","0",0
"Leposoma_baturitensis","0",0
"Leposoma_nanodactylus","1",0
"Leposoma_puk","0",0
"Leposoma_scincoides","0",0
"Leptosiaphos_kilimensis","0",0
"Lerista_microtis","0",0
"Lerista_viduata","0",0
"Liburnascincus_coensis","0",0
"Liburnascincus_mundivensis","0",0
"Liburnascincus_scirtetis","0",0
"Liolaemus_abaucan","0",0
"Liolaemus_albiceps","0",0
"Liolaemus_andinus","0",0
"Liolaemus_archeforus","0",0
"Liolaemus_atacamensis","0",0
"Liolaemus_audituvelatus","0",0
"Liolaemus_austromendocinus","0",0
"Liolaemus_azarai","0",0
"Liolaemus_baguali","0",0
"Liolaemus_bellii","0",0
"Liolaemus_bibronii","0",0
"Liolaemus_bitaeniatus","0",0
"Liolaemus_boulengeri","0",0
"Liolaemus_buergeri","0",0
"Liolaemus_calchaqui","1",0
"Liolaemus_canqueli","1",0
"Liolaemus_chacoensis","0",0
"Liolaemus_chaltin","0",0
"Liolaemus_chehuachekenk","0",0
"Liolaemus_chiliensis","1",0
"Liolaemus_coeruleus","0",0
"Liolaemus_crepuscularis","1",0
"Liolaemus_curicensis","1",0
"Liolaemus_cuyanus","0",0
"Liolaemus_cyanogaster","1",0
"Liolaemus_darwinii","0",0
"Liolaemus_dorbignyi","0",0
"Liolaemus_elongatus","0",0
"Liolaemus_escarchadosi","0",0
"Liolaemus_espinozai","0",0
"Liolaemus_fabiani","0",0
"Liolaemus_fitzingerii","0",0
"Liolaemus_fuscus","0",0
"Liolaemus_gallardoi","0",0
"Liolaemus_gracilis","0",0
"Liolaemus_gravenhorstii","1",0
"Liolaemus_grosseorum","0",0
"Liolaemus_hatcheri","0",0
"Liolaemus_heliodermis","0",0
"Liolaemus_hermannunezi","0",0
"Liolaemus_huacahuasicus","0",0
"Liolaemus_inacayali","0",0
"Liolaemus_irregularis","0",0
"Liolaemus_kingii","0",0
"Liolaemus_kolengh","0",0
"Liolaemus_koslowskyi","0",0
"Liolaemus_kriegi","0",0
"Liolaemus_laurenti","0",0
"Liolaemus_lemniscatus","0",0
"Liolaemus_leopardinus","0",0
"Liolaemus_lineomaculatus","0",0
"Liolaemus_lutzae","0",0
"Liolaemus_magellanicus","0",0
"Liolaemus_melanops","0",0
"Liolaemus_molinai","0",0
"Liolaemus_monticola","0",0
"Liolaemus_morenoi","0",0
"Liolaemus_multicolor","0",0
"Liolaemus_multimaculatus","0",0
"Liolaemus_nigromaculatus","0",0
"Liolaemus_nigroviridis","0",0
"Liolaemus_nitidus","0",0
"Liolaemus_occipitalis","0",0
"Liolaemus_olongasta","0",0
"Liolaemus_ornatus","0",0
"Liolaemus_pagaburoi","0",0
"Liolaemus_paulinae","1",0
"Liolaemus_petrophilus","0",0
"Liolaemus_pictus","1",0
"Liolaemus_platei","0",0
"Liolaemus_pseudoanomalus","0",0
"Liolaemus_pseudolemniscatus","0",0
"Liolaemus_puna","0",0
"Liolaemus_quilmes","0",0
"Liolaemus_ramirezae","0",0
"Liolaemus_riojanus","0",0
"Liolaemus_robertmertensi","0",0
"Liolaemus_rothi","0",0
"Liolaemus_ruibali","0",0
"Liolaemus_salinicola","0",0
"Liolaemus_sarmientoi","0",0
"Liolaemus_saxatilis","0",0
"Liolaemus_scapularis","0",0
"Liolaemus_schroederi","1",0
"Liolaemus_scolaroi","0",0
"Liolaemus_stolzmanni","0",0
"Liolaemus_tari","0",0
"Liolaemus_tenuis","1",0
"Liolaemus_umbrifer","0",0
"Liolaemus_uptoni","0",0
"Liolaemus_uspallatensis","0",0
"Liolaemus_wiegmannii","0",0
"Liolaemus_xanthoviridis","0",0
"Liolaemus_zapallarensis","0",0
"Liolaemus_zullyae","0",0
"Liopholis_margaretae","0",0
"Liopholis_modesta","0",0
"Liopholis_whitii","0",0
"Lioscincus_steindachneri","0",0
"Lioscincus_vivae","0",0
"Lipinia_noctua","1",0
"Lipinia_pulchella","1",0
"Lipinia_vittigera","1",0
"Lissolepis_luctuosa","0",0
"Lophognathus_gilberti","1",0
"Lophosaurus_boydii","1",0
"Lophosaurus_dilophus","1",0
"Lophosaurus_spinipes","1",0
"Loxopholis_guianense","0",0
"Loxopholis_osvaldoi","0",0
"Loxopholis_parietalis","0",0
"Loxopholis_percarinatum","0",0
"Lucasium_alboguttatum","0",1
"Lucasium_byrnei","0",1
"Lucasium_damaeum","0",0
"Lucasium_immaculatum","0",1
"Lucasium_maini","0",1
"Lucasium_squarrosum","0",1
"Lucasium_steindachneri","0",1
"Lucasium_stenodactylum","0",1
"Lucasium_wombeyi","0",1
"Luperosaurus_joloensis","1",1
"Luperosaurus_macgregori","1",1
"Lygisaurus_abscondita","0",0
"Lygisaurus_aeratus","0",0
"Lygisaurus_foliorum","0",0
"Lygisaurus_laevis","0",0
"Lygisaurus_macfarlani","0",0
"Lygisaurus_malleolus","0",0
"Lygisaurus_novaeguineae","0",0
"Lygisaurus_parrhasius","0",0
"Lygisaurus_sesbrauna","0",0
"Lygisaurus_tanneri","0",0
"Lygodactylus_angularis","1",1
"Lygodactylus_arnoulti","0",1
"Lygodactylus_blancae","1",1
"Lygodactylus_bradfieldi","1",1
"Lygodactylus_capensis","1",1
"Lygodactylus_chobiensis","1",1
"Lygodactylus_conraui","1",1
"Lygodactylus_expectatus","1",1
"Lygodactylus_gravis","1",1
"Lygodactylus_guibei","1",1
"Lygodactylus_gutturalis","1",1
"Lygodactylus_heterurus","1",1
"Lygodactylus_keniensis","1",1
"Lygodactylus_kimhowelli","1",1
"Lygodactylus_klugei","1",1
"Lygodactylus_luteopicturatus","1",1
"Lygodactylus_madagascariensis","1",1
"Lygodactylus_miops","1",1
"Lygodactylus_mirabilis","0",1
"Lygodactylus_montanus","0",1
"Lygodactylus_pauliani","0",1
"Lygodactylus_picturatus","1",1
"Lygodactylus_pictus","1",1
"Lygodactylus_rarus","0",1
"Lygodactylus_stevensoni","0",1
"Lygodactylus_thomensis","1",1
"Lygodactylus_tolampyae","1",1
"Lygodactylus_tuberosus","1",1
"Lygodactylus_verticillatus","1",1
"Lygodactylus_williamsi","1",1
"Lyriocephalus_scutatus","1",0
"Mabuya_mabouya","1",0
"Madascincus_igneocaudatus","0",0
"Madascincus_melanopleura","0",0
"Madascincus_mouroundavae","0",0
"Madascincus_polleni","0",0
"Malayodracon_robinsonii","1",0
"Manciola_guaporicola","0",0
"Mantheyus_phuwuanensis","1",0
"Marisora_unimarginata","1",0
"Marmorosphax_montana","0",0
"Marmorosphax_tricolor","0",0
"Matoatoa_brevipes","1",1
"Matobosaurus_validus","0",0
"Mediodactylus_heterocercus","0",0
"Mediodactylus_heteropholis","0",0
"Mediodactylus_kotschyi","1",0
"Mediodactylus_russowii","1",0
"Mediodactylus_sagittifer","1",0
"Mediodactylus_spinicauda","0",0
"Menetia_alanae","0",0
"Menetia_greyii","0",0
"Meroles_anchietae","0",0
"Meroles_ctenodactylus","0",0
"Meroles_cuneirostris","0",0
"Meroles_knoxii","0",0
"Meroles_micropholidotus","0",0
"Meroles_reticulatus","0",0
"Meroles_squamulosus","0",0
"Meroles_suborbitalis","0",0
"Mesalina_adramitana","0",0
"Mesalina_bahaeldini","0",0
"Mesalina_balfouri","0",0
"Mesalina_brevirostris","0",0
"Mesalina_guttulata","0",0
"Mesalina_olivieri","0",0
"Mesalina_rubropunctata","0",0
"Mesaspis_gadovii","1",0
"Mesaspis_moreletii","0",0
"Mesoscincus_managuae","1",0
"Mesoscincus_schwartzei","0",0
"Micrablepharus_atticolus","0",0
"Microgecko_helenae","0",0
"Microlophus_albemarlensis","0",0
"Microlophus_atacamensis","0",0
"Microlophus_bivittatus","0",0
"Microlophus_delanonis","1",0
"Microlophus_duncanensis","0",0
"Microlophus_grayii","0",0
"Microlophus_habelii","0",0
"Microlophus_heterolepis","0",0
"Microlophus_koepckeorum","0",0
"Microlophus_occipitalis","1",0
"Microlophus_pacificus","0",0
"Microlophus_peruvianus","0",0
"Microlophus_quadrivittatus","0",0
"Microlophus_stolzmanni","1",0
"Microlophus_theresiae","0",0
"Microlophus_theresioides","1",0
"Microlophus_thoracicus","0",0
"Microlophus_tigris","1",0
"Mniarogekko_chahoua","1",1
"Mokopirirakau_cryptozoicus","0",1
"Mokopirirakau_granulatus","1",1
"Mokopirirakau_kahutarae","0",1
"Mokopirirakau_nebulosus","1",1
"Moloch_horridus","0",0
"Morethia_adelaidensis","0",0
"Morethia_butleri","0",0
"Morethia_ruficauda","0",0
"Morunasaurus_annularis","0",0
"Nactus_acutus","0",0
"Nactus_cheverti","0",0
"Nactus_eboracensis","0",0
"Nactus_galgajuga","0",0
"Nactus_multicarinatus","1",0
"Nactus_pelagicus","1",0
"Nactus_vankampeni","0",0
"Nadzikambia_mlanjensis","1",0
"Namazonurus_campbelli","0",0
"Namazonurus_lawrenci","0",0
"Namazonurus_namaquensis","0",0
"Namazonurus_peersi","0",0
"Namazonurus_pustulatus","0",0
"Nannoscincus_garrulus","0",0
"Narudasia_festiva","0",0
"Naultinus_elegans","1",1
"Naultinus_gemmeus","1",1
"Naultinus_grayii","1",1
"Naultinus_manukanus","1",1
"Naultinus_rudis","1",1
"Naultinus_stellatus","1",1
"Naultinus_tuberculatus","1",1
"Nebulifera_robusta","1",1
"Nephrurus_amyae","0",0
"Nephrurus_asper","0",0
"Nephrurus_deleani","0",0
"Nephrurus_laevissimus","0",0
"Nephrurus_levis","0",0
"Nephrurus_sheai","0",0
"Nephrurus_stellatus","0",0
"Nephrurus_vertebralis","0",0
"Nephrurus_wheeleri","0",0
"Neusticurus_bicarinatus","0",0
"Neusticurus_rudis","0",0
"Ninurta_coeruleopunctatus","0",0
"Notomabuya_frenata","1",0
"Notoscincus_ornatus","0",0
"Nucras_lalandii","0",0
"Nucras_tessellata","0",0
"Oedodera_marmorata","1",1
"Oedura_castelnaui","1",1
"Oedura_coggeri","1",1
"Oedura_filicipoda","0",1
"Oedura_gemmata","0",1
"Oedura_gracilis","0",1
"Oedura_marmorata","1",1
"Oedura_monilis","1",1
"Oedura_tryoni","1",1
"Oligosoma_acrinasum","0",0
"Oligosoma_aeneum","0",0
"Oligosoma_alani","0",0
"Oligosoma_chloronoton","0",0
"Oligosoma_fallai","0",0
"Oligosoma_grande","0",0
"Oligosoma_hardyi","0",0
"Oligosoma_homalonotum","1",0
"Oligosoma_inconspicuum","1",0
"Oligosoma_infrapunctatum","0",0
"Oligosoma_levidensum","0",0
"Oligosoma_lichenigera","0",0
"Oligosoma_lineoocellatum","0",0
"Oligosoma_longipes","0",0
"Oligosoma_maccanni","1",0
"Oligosoma_macgregori","0",0
"Oligosoma_microlepis","0",0
"Oligosoma_moco","1",0
"Oligosoma_nigriplantare","1",0
"Oligosoma_notosaurus","1",0
"Oligosoma_oliveri","0",0
"Oligosoma_ornatum","0",0
"Oligosoma_otagense","0",0
"Oligosoma_pikitanga","0",0
"Oligosoma_smithi","0",0
"Oligosoma_stenotis","0",0
"Oligosoma_striatum","1",0
"Oligosoma_suteri","0",0
"Oligosoma_taumakae","0",0
"Oligosoma_townsi","0",0
"Oligosoma_waimatense","0",0
"Oligosoma_whitakeri","0",0
"Oligosoma_zelandicum","0",0
"Omanosaura_cyanura","0",0
"Omanosaura_jayakari","1",0
"Ophisops_elegans","0",0
"Ophisops_occidentalis","0",0
"Oplurus_cuvieri","1",0
"Oplurus_cyclurus","1",0
"Oplurus_fierinensis","0",0
"Oplurus_grandidieri","0",0
"Oplurus_quadrimaculatus","0",0
"Oplurus_saxicola","0",0
"Orraya_occultus","0",0
"Otocryptis_wiegmanni","0",0
"Ouroborus_cataphractus","0",0
"Pachydactylus_affinis","0",1
"Pachydactylus_austeni","0",1
"Pachydactylus_barnardi","0",1
"Pachydactylus_bicolor","0",1
"Pachydactylus_capensis","1",1
"Pachydactylus_caraculicus","0",1
"Pachydactylus_carinatus","0",1
"Pachydactylus_fasciatus","0",1
"Pachydactylus_formosus","0",1
"Pachydactylus_gaiasensis","0",1
"Pachydactylus_geitje","0",1
"Pachydactylus_griffini","0",1
"Pachydactylus_haackei","0",1
"Pachydactylus_kladaroderma","0",1
"Pachydactylus_labialis","0",1
"Pachydactylus_laevigatus","1",1
"Pachydactylus_maculatus","0",1
"Pachydactylus_mariquensis","0",1
"Pachydactylus_mclachlani","0",1
"Pachydactylus_monicae","0",1
"Pachydactylus_montanus","0",1
"Pachydactylus_namaquensis","0",1
"Pachydactylus_oculatus","0",1
"Pachydactylus_oreophilus","0",1
"Pachydactylus_oshaughnessyi","0",1
"Pachydactylus_parascutatus","0",1
"Pachydactylus_punctatus","0",1
"Pachydactylus_purcelli","0",1
"Pachydactylus_rangei","0",0
"Pachydactylus_reconditus","0",1
"Pachydactylus_robertsi","0",1
"Pachydactylus_rugosus","1",1
"Pachydactylus_sansteynae","0",1
"Pachydactylus_scherzi","0",1
"Pachydactylus_scutatus","0",1
"Pachydactylus_serval","0",1
"Pachydactylus_tigrinus","0",1
"Pachydactylus_tsodiloensis","0",1
"Pachydactylus_vansoni","0",1
"Pachydactylus_vanzyli","0",1
"Pachydactylus_waterbergensis","0",1
"Pachydactylus_weberi","0",1
"Palleon_lolontany","0",0
"Palleon_nasus","1",0
"Pamelaescincus_gardineri","0",0
"Panaspis_annobonensis","0",0
"Panaspis_breviceps","0",0
"Panaspis_togoensis","0",0
"Panaspis_wahlbergi","0",0
"Paniegekko_madjo","1",1
"Panopa_carvalhoi","1",0
"Panopa_croizati","0",0
"Papuascincus_stanleyanus","0",0
"Paragehyra_gabriellae","0",1
"Paralaudakia_caucasia","0",0
"Paralaudakia_erythrogaster","0",0
"Paralaudakia_himalayana","0",0
"Paralaudakia_lehmanni","1",0
"Paralaudakia_microlepis","1",0
"Paroedura_androyensis","0",1
"Paroedura_bastardi","1",1
"Paroedura_gracilis","1",1
"Paroedura_homalorhina","0",1
"Paroedura_karstophila","0",1
"Paroedura_lohatsara","1",1
"Paroedura_masobe","1",1
"Paroedura_oviceps","1",1
"Paroedura_picta","0",1
"Paroedura_sanctijohannis","0",1
"Paroedura_stumpffi","1",1
"Paroedura_tanjaka","0",1
"Paroedura_vazimba","1",1
"Parvilacerta_fraasii","0",0
"Parvilacerta_parva","0",0
"Parvoscincus_beyeri","0",0
"Parvoscincus_decipiens","0",0
"Parvoscincus_kitangladensis","0",0
"Parvoscincus_leucospilos","0",0
"Parvoscincus_steerei","0",0
"Parvoscincus_tagapayo","0",0
"Pedioplanis_breviceps","0",0
"Pedioplanis_burchelli","0",0
"Pedioplanis_gaerdesi","0",0
"Pedioplanis_husabensis","0",0
"Pedioplanis_inornata","0",0
"Pedioplanis_laticeps","0",0
"Pedioplanis_lineoocellata","0",0
"Pedioplanis_namaquensis","0",0
"Pedioplanis_rubens","0",0
"Pedioplanis_undata","0",0
"Perochirus_ateles","1",1
"Petracola_ventrimaculatus","0",0
"Petrosaurus_mearnsi","0",0
"Petrosaurus_repens","0",0
"Petrosaurus_thalassinus","0",0
"Phasmasaurus_maruia","0",0
"Phasmasaurus_tillieri","1",0
"Phelsuma_abbotti","1",1
"Phelsuma_andamanense","1",1
"Phelsuma_antanosy","1",1
"Phelsuma_astriata","1",1
"Phelsuma_barbouri","0",1
"Phelsuma_berghofi","1",1
"Phelsuma_borbonica","1",1
"Phelsuma_breviceps","1",1
"Phelsuma_cepediana","1",1
"Phelsuma_comorensis","1",1
"Phelsuma_dubia","1",1
"Phelsuma_edwardnewtoni","1",1
"Phelsuma_flavigularis","1",1
"Phelsuma_gigas","0",1
"Phelsuma_guentheri","1",1
"Phelsuma_guimbeaui","1",1
"Phelsuma_guttata","1",1
"Phelsuma_hielscheri","1",1
"Phelsuma_inexpectata","1",1
"Phelsuma_kely","1",1
"Phelsuma_klemmeri","1",1
"Phelsuma_laticauda","1",1
"Phelsuma_lineata","1",1
"Phelsuma_madagascariensis","1",1
"Phelsuma_malamakibo","0",1
"Phelsuma_modesta","1",1
"Phelsuma_mutabilis","1",1
"Phelsuma_nigristriata","1",1
"Phelsuma_ornata","1",1
"Phelsuma_parkeri","1",1
"Phelsuma_pronki","1",1
"Phelsuma_pusilla","1",1
"Phelsuma_quadriocellata","1",1
"Phelsuma_ravenala","1",1
"Phelsuma_robertmertensi","1",1
"Phelsuma_seippi","1",1
"Phelsuma_serraticauda","1",1
"Phelsuma_standingi","1",1
"Phelsuma_sundbergi","1",1
"Phelsuma_vanheygeni","1",1
"Phoboscincus_garnieri","0",0
"Phoenicolacerta_cyanisparsa","0",0
"Phoenicolacerta_kulzeri","0",0
"Phoenicolacerta_laevis","1",0
"Pholidobolus_macbrydei","1",0
"Pholidoscelis_auberi","0",0
"Pholidoscelis_corax","1",0
"Pholidoscelis_dorsalis","0",0
"Pholidoscelis_erythrocephalus","0",0
"Pholidoscelis_exsul","0",0
"Pholidoscelis_fuscatus","0",0
"Pholidoscelis_griswoldi","0",0
"Pholidoscelis_lineolatus","0",0
"Pholidoscelis_maynardi","0",0
"Pholidoscelis_plei","0",0
"Pholidoscelis_pluvianotatus","0",0
"Pholidoscelis_polops","0",0
"Pholidoscelis_taeniurus","0",0
"Pholidoscelis_wetmorei","0",0
"Phoxophrys_nigrilabris","0",0
"Phrynocephalus_axillaris","0",0
"Phrynocephalus_forsythii","0",0
"Phrynocephalus_guttatus","0",0
"Phrynocephalus_helioscopus","0",0
"Phrynocephalus_interscapularis","0",0
"Phrynocephalus_mystaceus","0",0
"Phrynocephalus_przewalskii","0",0
"Phrynocephalus_putjatai","0",0
"Phrynocephalus_raddei","0",0
"Phrynocephalus_scutellatus","0",0
"Phrynocephalus_theobaldi","0",0
"Phrynocephalus_versicolor","0",0
"Phrynocephalus_vlangalii","0",0
"Phrynosoma_asio","0",0
"Phrynosoma_blainvillii","0",0
"Phrynosoma_braconnieri","0",0
"Phrynosoma_cornutum","0",0
"Phrynosoma_coronatum","0",0
"Phrynosoma_ditmarsi","0",0
"Phrynosoma_douglasii","0",0
"Phrynosoma_hernandesi","0",0
"Phrynosoma_mcallii","0",0
"Phrynosoma_modestum","0",0
"Phrynosoma_orbiculare","0",0
"Phrynosoma_platyrhinos","0",0
"Phrynosoma_solare","0",0
"Phrynosoma_taurus","0",0
"Phyllodactylus_bordai","1",1
"Phyllodactylus_bugastrolepis","1",1
"Phyllodactylus_davisi","1",1
"Phyllodactylus_delcampoi","0",1
"Phyllodactylus_duellmani","1",1
"Phyllodactylus_homolepidurus","1",1
"Phyllodactylus_lanei","0",1
"Phyllodactylus_nocticolus","0",1
"Phyllodactylus_paucituberculatus","0",1
"Phyllodactylus_reissii","1",1
"Phyllodactylus_tuberculosus","1",1
"Phyllodactylus_unctus","1",1
"Phyllodactylus_wirshingi","0",1
"Phyllodactylus_xanti","0",1
"Phyllopezus_lutzae","1",1
"Phyllopezus_maranjonensis","0",1
"Phyllopezus_periosus","1",1
"Phyllopezus_pollicaris","1",1
"Phyllurus_amnicola","1",0
"Phyllurus_kabikabi","1",0
"Phyllurus_platurus","1",0
"Phymaturus_antofagastensis","0",0
"Phymaturus_dorsimaculatus","0",0
"Phymaturus_indistinctus","0",0
"Phymaturus_palluma","0",0
"Phymaturus_patagonicus","0",0
"Phymaturus_punae","0",0
"Phymaturus_somuncurensis","0",0
"Physignathus_cocincinus","0",0
"Pinoyscincus_coxi","0",0
"Pinoyscincus_jagori","0",0
"Pinoyscincus_mindanensis","0",0
"Placosoma_glabellum","1",0
"Platysaurus_broadleyi","0",0
"Platysaurus_capensis","0",0
"Platysaurus_intermedius","0",0
"Platysaurus_minor","0",0
"Platysaurus_mitchelli","0",0
"Platysaurus_monotropis","0",0
"Platysaurus_pungweensis","0",0
"Plestiodon_anthracinus","0",0
"Plestiodon_barbouri","0",0
"Plestiodon_brevirostris","0",0
"Plestiodon_callicephalus","0",0
"Plestiodon_chinensis","0",0
"Plestiodon_copei","0",0
"Plestiodon_elegans","0",0
"Plestiodon_fasciatus","1",0
"Plestiodon_gilberti","0",0
"Plestiodon_inexpectatus","1",0
"Plestiodon_kishinouyei","0",0
"Plestiodon_lagunensis","0",0
"Plestiodon_laticeps","1",0
"Plestiodon_latiscutatus","0",0
"Plestiodon_lynxe","0",0
"Plestiodon_ochoterenae","0",0
"Plestiodon_parviauriculatus","0",0
"Plestiodon_parvulus","0",0
"Plestiodon_quadrilineatus","0",0
"Plestiodon_sumichrasti","0",0
"Plestiodon_tamdaoensis","0",0
"Plestiodon_tetragrammus","0",0
"Plica_lumaria","0",0
"Plica_plica","1",0
"Plica_umbra","1",0
"Podarcis_bocagei","0",0
"Podarcis_carbonelli","0",0
"Podarcis_erhardii","0",0
"Podarcis_filfolensis","0",0
"Podarcis_gaigeae","0",0
"Podarcis_hispanicus","0",0
"Podarcis_lilfordi","0",0
"Podarcis_liolepis","0",0
"Podarcis_melisellensis","0",0
"Podarcis_milensis","0",0
"Podarcis_muralis","1",0
"Podarcis_peloponnesiacus","1",0
"Podarcis_pityusensis","1",0
"Podarcis_raffonei","0",0
"Podarcis_siculus","0",0
"Podarcis_tauricus","0",0
"Podarcis_tiliguerta","0",0
"Podarcis_vaucheri","0",0
"Pogona_barbata","1",0
"Pogona_henrylawsoni","0",0
"Pogona_minor","1",0
"Pogona_nullarbor","1",0
"Pogona_vitticeps","1",0
"Polychrus_acutirostris","1",0
"Polychrus_femoralis","1",0
"Polychrus_gutturosus","1",0
"Polychrus_marmoratus","1",0
"Poromera_fordii","0",0
"Potamites_ecpleopus","0",0
"Potamites_juruazensis","0",0
"Prasinohaema_virens","1",1
"Pristidactylus_scapulatus","0",0
"Pristidactylus_torquatus","1",0
"Pristurus_abdelkuri","0",0
"Pristurus_carteri","0",0
"Pristurus_celerrimus","0",0
"Pristurus_crucifer","0",0
"Pristurus_flavipunctatus","1",0
"Pristurus_guichardi","1",0
"Pristurus_insignis","0",0
"Pristurus_minimus","1",0
"Pristurus_rupestris","1",0
"Pristurus_sokotranus","1",0
"Pristurus_somalicus","0",0
"Proablepharus_reginae","0",0
"Proctoporus_bolivianus","0",0
"Proctoporus_sucullucu","0",0
"Proctoporus_unsaacae","0",0
"Psammodromus_algirus","1",0
"Psammodromus_blanci","1",0
"Psammodromus_hispanicus","0",0
"Pseudemoia_entrecasteauxii","0",0
"Pseudemoia_pagenstecheri","0",0
"Pseudocalotes_brevipes","1",0
"Pseudocalotes_flavigula","1",0
"Pseudocalotes_kakhienensis","1",0
"Pseudoceramodactylus_khobarensis","0",0
"Pseudocordylus_langi","0",0
"Pseudocordylus_melanotus","0",0
"Pseudocordylus_microlepidotus","0",0
"Pseudocordylus_spinosus","0",0
"Pseudogekko_compresicorpus","1",1
"Pseudogekko_smaragdinus","1",1
"Pseudogonatodes_guianensis","0",0
"Pseudogonatodes_lunulatus","0",0
"Pseudogonatodes_manessi","0",0
"Pseudothecadactylus_lindneri","1",1
"Pseudotrapelus_sinaitus","1",0
"Psychosaura_agmosticha","1",0
"Psychosaura_macrorhyncha","1",0
"Ptenopus_carpi","0",0
"Ptychoglossus_brevifrontalis","0",0
"Ptychozoon_kuhli","1",1
"Ptychozoon_lionotum","1",1
"Ptychozoon_rhacophorus","1",1
"Ptyctolaemus_collicristatus","1",0
"Ptyctolaemus_gularis","1",0
"Ptyodactylus_guttatus","0",1
"Ptyodactylus_hasselquistii","0",1
"Ptyodactylus_oudrii","0",1
"Ptyodactylus_ragazzii","0",1
"Pygmaeascincus_timlowi","0",0
"Quedenfeldtia_moerens","0",0
"Quedenfeldtia_trachyblepharus","0",0
"Ramigekko_swartbergensis","0",1
"Rankinia_diemensis","1",0
"Rhachisaurus_brachylepis","0",0
"Rhacodactylus_auriculatus","1",1
"Rhacodactylus_leachianus","1",1
"Rhacodactylus_trachyrhynchus","1",1
"Rhampholeon_acuminatus","1",0
"Rhampholeon_beraduccii","1",0
"Rhampholeon_boulengeri","1",0
"Rhampholeon_chapmanorum","1",0
"Rhampholeon_marshalli","1",0
"Rhampholeon_moyeri","1",0
"Rhampholeon_nchisiensis","0",0
"Rhampholeon_platyceps","0",0
"Rhampholeon_spectrum","1",0
"Rhampholeon_spinosus","1",0
"Rhampholeon_temporalis","1",0
"Rhampholeon_uluguruensis","0",0
"Rhampholeon_viridis","1",0
"Rhoptropella_ocellata","0",1
"Rhoptropus_afer","0",1
"Rhoptropus_barnardi","0",1
"Rhoptropus_biporosus","0",1
"Rhoptropus_boultoni","1",1
"Rhoptropus_bradfieldi","0",1
"Rhynchoedura_ornata","0",1
"Riama_simotera","0",0
"Rieppeleon_brachyurus","1",0
"Rieppeleon_brevicaudatus","1",0
"Rieppeleon_kerstenii","1",0
"Ristella_rurkii","0",0
"Saara_asmussi","0",0
"Saara_loricata","0",0
"Salea_horsfieldii","1",0
"Saltuarius_cornutus","1",0
"Saltuarius_kateae","0",0
"Saltuarius_moritzi","1",0
"Saltuarius_salebrosus","1",0
"Saltuarius_swaini","1",0
"Saltuarius_wyberba","0",0
"Salvator_duseni","0",0
"Salvator_merianae","0",0
"Salvator_rufescens","0",0
"Saproscincus_basiliscus","0",0
"Saproscincus_challengeri","0",0
"Saproscincus_czechurai","0",0
"Saproscincus_hannahae","0",0
"Saproscincus_lewisi","0",0
"Saproscincus_mustelinus","0",0
"Saproscincus_oriarus","0",0
"Saproscincus_rosei","0",0
"Saproscincus_spectabilis","1",0
"Saurodactylus_fasciatus","0",0
"Saurodactylus_mauritanicus","0",0
"Sauromalus_ater","0",0
"Sauromalus_hispidus","1",0
"Sauromalus_klauberi","0",0
"Sauromalus_varius","0",0
"Scelarcis_perspicillata","0",0
"Sceloporus_adleri","1",0
"Sceloporus_aeneus","0",0
"Sceloporus_angustus","1",0
"Sceloporus_arenicolus","0",0
"Sceloporus_bicanthalis","0",0
"Sceloporus_bulleri","0",0
"Sceloporus_carinatus","0",0
"Sceloporus_cautus","0",0
"Sceloporus_chaneyi","0",0
"Sceloporus_chrysostictus","0",0
"Sceloporus_clarkii","1",0
"Sceloporus_consobrinus","0",0
"Sceloporus_couchii","0",0
"Sceloporus_cozumelae","0",0
"Sceloporus_cryptus","1",0
"Sceloporus_cyanogenys","0",0
"Sceloporus_dugesii","0",0
"Sceloporus_edwardtaylori","1",0
"Sceloporus_formosus","1",0
"Sceloporus_gadoviae","0",0
"Sceloporus_goldmani","0",0
"Sceloporus_graciosus","1",0
"Sceloporus_grammicus","1",0
"Sceloporus_grandaevus","1",0
"Sceloporus_heterolepis","1",0
"Sceloporus_horridus","1",0
"Sceloporus_hunsakeri","0",0
"Sceloporus_insignis","0",0
"Sceloporus_jalapae","0",0
"Sceloporus_jarrovii","0",0
"Sceloporus_licki","1",0
"Sceloporus_lineatulus","0",0
"Sceloporus_lundelli","1",0
"Sceloporus_macdougalli","0",0
"Sceloporus_maculosus","0",0
"Sceloporus_magister","1",0
"Sceloporus_malachiticus","1",0
"Sceloporus_megalepidurus","1",0
"Sceloporus_melanorhinus","1",0
"Sceloporus_merriami","0",0
"Sceloporus_minor","0",0
"Sceloporus_mucronatus","0",0
"Sceloporus_nelsoni","0",0
"Sceloporus_occidentalis","1",0
"Sceloporus_ochoterenae","0",0
"Sceloporus_olivaceus","1",0
"Sceloporus_orcutti","1",0
"Sceloporus_ornatus","0",0
"Sceloporus_palaciosi","0",0
"Sceloporus_parvus","0",0
"Sceloporus_poinsettii","0",0
"Sceloporus_pyrocephalus","1",0
"Sceloporus_samcolemani","0",0
"Sceloporus_scalaris","0",0
"Sceloporus_serrifer","1",0
"Sceloporus_siniferus","0",0
"Sceloporus_slevini","0",0
"Sceloporus_smaragdinus","1",0
"Sceloporus_smithi","0",0
"Sceloporus_spinosus","1",0
"Sceloporus_squamosus","1",0
"Sceloporus_stejnegeri","1",0
"Sceloporus_subpictus","0",0
"Sceloporus_taeniocnemis","1",0
"Sceloporus_teapensis","0",0
"Sceloporus_torquatus","0",0
"Sceloporus_undulatus","1",0
"Sceloporus_utiformis","1",0
"Sceloporus_variabilis","1",0
"Sceloporus_virgatus","0",0
"Sceloporus_woodi","0",0
"Sceloporus_zosteromus","1",0
"Scelotes_mirus","0",0
"Scincella_cherriei","0",0
"Scincella_gemmingeri","0",0
"Scincella_lateralis","0",0
"Scincella_reevesii","0",0
"Scincopus_fasciatus","0",0
"Scincus_mitranus","0",0
"Shinisaurus_crocodilurus","0",0
"Sigaloseps_deplanchei","0",0
"Sigaloseps_ruficauda","0",0
"Silvascincus_murrayi","1",0
"Silvascincus_tryoni","0",0
"Simiscincus_aurantiacus","0",0
"Sitana_ponticeriana","0",0
"Smaug_giganteus","0",0
"Smaug_warreni","0",0
"Sphaerodactylus_altavelensis","0",1
"Sphaerodactylus_argus","1",1
"Sphaerodactylus_cinereus","1",1
"Sphaerodactylus_copei","0",1
"Sphaerodactylus_cricoderus","0",1
"Sphaerodactylus_cryphius","0",1
"Sphaerodactylus_darlingtoni","0",1
"Sphaerodactylus_elegans","1",1
"Sphaerodactylus_elegantulus","0",1
"Sphaerodactylus_fantasticus","0",1
"Sphaerodactylus_gaigeae","0",1
"Sphaerodactylus_glaucus","1",1
"Sphaerodactylus_goniorhynchus","1",1
"Sphaerodactylus_intermedius","0",1
"Sphaerodactylus_kirbyi","0",1
"Sphaerodactylus_klauberi","0",1
"Sphaerodactylus_leucaster","0",1
"Sphaerodactylus_macrolepis","0",1
"Sphaerodactylus_microlepis","0",1
"Sphaerodactylus_molei","1",1
"Sphaerodactylus_nicholsi","0",1
"Sphaerodactylus_nigropunctatus","0",1
"Sphaerodactylus_notatus","0",1
"Sphaerodactylus_ocoae","0",1
"Sphaerodactylus_parvus","0",1
"Sphaerodactylus_richardi","1",1
"Sphaerodactylus_roosevelti","1",1
"Sphaerodactylus_sabanus","0",1
"Sphaerodactylus_schwartzi","0",1
"Sphaerodactylus_semasiops","1",1
"Sphaerodactylus_shrevei","0",1
"Sphaerodactylus_sputator","0",1
"Sphaerodactylus_torrei","1",1
"Sphaerodactylus_townsendi","0",1
"Sphaerodactylus_vincenti","1",1
"Sphenomorphus_acutus","1",0
"Sphenomorphus_buenloicus","0",0
"Sphenomorphus_concinnatus","0",0
"Sphenomorphus_cyanolaemus","1",0
"Sphenomorphus_diwata","0",0
"Sphenomorphus_fasciatus","0",0
"Sphenomorphus_jobiensis","0",0
"Sphenomorphus_leptofasciatus","0",0
"Sphenomorphus_maculatus","0",0
"Sphenomorphus_maindroni","0",0
"Sphenomorphus_muelleri","0",0
"Sphenomorphus_multisquamatus","0",0
"Sphenomorphus_praesignis","0",0
"Sphenomorphus_sabanus","1",0
"Sphenomorphus_scutatus","0",0
"Sphenomorphus_simus","1",0
"Sphenomorphus_stellatus","1",0
"Sphenomorphus_variegatus","1",0
"Spondylurus_sloanii","1",0
"Stellagama_stellio","1",0
"Stenocercus_apurimacus","0",0
"Stenocercus_azureus","0",0
"Stenocercus_boettgeri","0",0
"Stenocercus_caducus","1",0
"Stenocercus_chrysopygus","0",0
"Stenocercus_crassicaudatus","0",0
"Stenocercus_cupreus","0",0
"Stenocercus_doellojuradoi","0",0
"Stenocercus_empetrus","0",0
"Stenocercus_eunetopsis","0",0
"Stenocercus_festae","0",0
"Stenocercus_formosus","1",0
"Stenocercus_guentheri","0",0
"Stenocercus_humeralis","1",0
"Stenocercus_imitator","1",0
"Stenocercus_latebrosus","0",0
"Stenocercus_limitaris","0",0
"Stenocercus_marmoratus","0",0
"Stenocercus_melanopygus","1",0
"Stenocercus_ochoai","0",0
"Stenocercus_orientalis","0",0
"Stenocercus_ornatus","1",0
"Stenocercus_percultus","0",0
"Stenocercus_puyango","0",0
"Stenocercus_rhodomelas","0",0
"Stenocercus_roseiventris","1",0
"Stenocercus_stigmosus","0",0
"Stenocercus_torquatus","1",0
"Stenocercus_varius","1",0
"Stenodactylus_arabicus","0",0
"Stenodactylus_doriae","0",0
"Stenodactylus_leptocosymbotes","0",0
"Stenodactylus_petrii","0",0
"Stenodactylus_sthenodactylus","0",0
"Stenodactylus_yemenensis","0",0
"Strobilurus_torquatus","1",0
"Strophurus_assimilis","1",1
"Strophurus_ciliaris","1",1
"Strophurus_elderi","1",1
"Strophurus_intermedius","1",1
"Strophurus_jeanae","1",1
"Strophurus_krisalys","1",1
"Strophurus_mcmillani","1",1
"Strophurus_rankini","1",1
"Strophurus_spinigerus","1",1
"Strophurus_strophurus","1",1
"Strophurus_taeniatus","1",1
"Strophurus_taenicauda","1",1
"Strophurus_wellingtonae","1",1
"Strophurus_williamsi","1",1
"Takydromus_amurensis","0",0
"Takydromus_dorsalis","1",0
"Takydromus_formosanus","0",0
"Takydromus_hsuehshanensis","0",0
"Takydromus_kuehnei","1",0
"Takydromus_sauteri","1",0
"Takydromus_septentrionalis","1",0
"Takydromus_sexlineatus","1",0
"Takydromus_smaragdinus","1",0
"Takydromus_sylvaticus","1",0
"Takydromus_tachydromoides","0",0
"Takydromus_toyamai","1",0
"Takydromus_wolteri","1",0
"Tarentola_americana","1",1
"Tarentola_angustimentalis","0",1
"Tarentola_annularis","0",1
"Tarentola_boehmei","0",1
"Tarentola_boettgeri","0",1
"Tarentola_chazaliae","0",1
"Tarentola_delalandii","0",1
"Tarentola_deserti","1",1
"Tarentola_ephippiata","1",1
"Tarentola_gigas","0",1
"Tarentola_gomerensis","0",1
"Tarentola_mauritanica","1",1
"Tarentola_mindiae","1",1
"Tarentola_neglecta","1",1
"Techmarscincus_jigurru","0",0
"Teira_dugesii","0",0
"Teius_teyou","0",0
"Tenuidactylus_caspius","1",0
"Teratoscincus_microlepis","0",0
"Teratoscincus_przewalskii","0",0
"Teratoscincus_roborowskii","0",0
"Teratoscincus_scincus","0",0
"Tetradactylus_seps","0",0
"Thecadactylus_rapicauda","1",1
"Thecadactylus_solimoensis","1",1
"Tiliqua_adelaidensis","0",0
"Tiliqua_gigas","0",0
"Tiliqua_nigrolutea","0",0
"Tiliqua_occipitalis","0",0
"Tiliqua_rugosa","0",0
"Tiliqua_scincoides","0",0
"Timon_lepidus","1",0
"Timon_pater","0",0
"Timon_princeps","0",0
"Toropuku_stephensi","1",1
"Tracheloptychus_madagascariensis","0",0
"Tracheloptychus_petersi","0",0
"Trachylepis_acutilabris","0",0
"Trachylepis_affinis","1",0
"Trachylepis_atlantica","1",0
"Trachylepis_aureopunctata","0",0
"Trachylepis_brevicollis","0",0
"Trachylepis_capensis","0",0
"Trachylepis_dumasi","0",0
"Trachylepis_elegans","0",0
"Trachylepis_gravenhorstii","0",0
"Trachylepis_hoeschi","0",0
"Trachylepis_homalocephala","0",0
"Trachylepis_maculilabris","1",0
"Trachylepis_margaritifera","0",0
"Trachylepis_occidentalis","0",0
"Trachylepis_perrotetii","0",0
"Trachylepis_quinquetaeniata","0",0
"Trachylepis_sechellensis","1",0
"Trachylepis_socotrana","1",0
"Trachylepis_spilogaster","1",0
"Trachylepis_striata","1",0
"Trachylepis_sulcata","0",0
"Trachylepis_varia","1",0
"Trachylepis_variegata","1",0
"Trachylepis_vato","0",0
"Trachylepis_wrightii","1",0
"Trapelus_agilis","0",0
"Trapelus_flavimaculatus","1",0
"Trapelus_mutabilis","0",0
"Trapelus_ruderatus","1",0
"Trapelus_sanguinolentus","1",0
"Trapelus_savignii","0",0
"Tretioscincus_agilis","1",0
"Tretioscincus_oriximinensis","0",0
"Tribolonotus_brongersmai","0",0
"Tribolonotus_gracilis","0",0
"Tribolonotus_novaeguineae","0",0
"Tribolonotus_pseudoponceleti","0",0
"Tribolonotus_schmidti","0",0
"Trioceros_affinis","1",0
"Trioceros_balebicornutus","1",0
"Trioceros_cristatus","1",0
"Trioceros_deremensis","1",0
"Trioceros_ellioti","1",0
"Trioceros_feae","1",0
"Trioceros_fuelleborni","1",0
"Trioceros_goetzei","1",0
"Trioceros_harennae","1",0
"Trioceros_hoehnelii","1",0
"Trioceros_jacksonii","1",0
"Trioceros_johnstoni","1",0
"Trioceros_melleri","1",0
"Trioceros_montium","1",0
"Trioceros_narraioca","1",0
"Trioceros_oweni","1",0
"Trioceros_pfefferi","1",0
"Trioceros_quadricornis","1",0
"Trioceros_rudis","1",0
"Trioceros_schubotzi","1",0
"Trioceros_sternfeldi","1",0
"Trioceros_tempeli","1",0
"Trioceros_werneri","1",0
"Trioceros_wiedersheimi","1",0
"Tropidophorus_baconi","0",0
"Tropidophorus_baviensis","0",0
"Tropidophorus_beccarii","0",0
"Tropidophorus_berdmorei","0",0
"Tropidophorus_brookei","0",0
"Tropidophorus_cocincinensis","0",0
"Tropidophorus_grayi","0",0
"Tropidophorus_hainanus","0",0
"Tropidophorus_latiscutatus","0",0
"Tropidophorus_matsuii","0",0
"Tropidophorus_microlepis","0",0
"Tropidophorus_misaminius","0",0
"Tropidophorus_murphyi","0",0
"Tropidophorus_noggei","0",0
"Tropidophorus_partelloi","0",0
"Tropidophorus_robinsoni","0",0
"Tropidophorus_sinicus","0",0
"Tropidophorus_thai","0",0
"Tropidosaura_gularis","0",0
"Tropidoscincus_boreus","0",0
"Tropidoscincus_variabilis","0",0
"Tropidurus_bogerti","0",0
"Tropidurus_callathelys","0",0
"Tropidurus_cocorobensis","0",0
"Tropidurus_erythrocephalus","0",0
"Tropidurus_etheridgei","1",0
"Tropidurus_hispidus","1",0
"Tropidurus_hygomi","0",0
"Tropidurus_insulanus","0",0
"Tropidurus_itambere","1",0
"Tropidurus_montanus","1",0
"Tropidurus_mucujensis","0",0
"Tropidurus_oreadicus","1",0
"Tropidurus_psammonastes","0",0
"Tropidurus_spinulosus","1",0
"Tropidurus_torquatus","1",0
"Tropiocolotes_tripolitanus","0",0
"Tukutuku_rakiurae","1",1
"Tumbunascincus_luteilateralis","0",0
"Tupinambis_longilineus","0",0
"Tupinambis_quadrilineatus","0",0
"Tupinambis_teguixin","0",0
"Tympanocryptis_cephalus","0",0
"Tympanocryptis_intima","0",0
"Tympanocryptis_lineata","1",0
"Tympanocryptis_pinguicolla","0",0
"Tympanocryptis_tetraporophora","0",0
"Tytthoscincus_atrigularis","0",0
"Tytthoscincus_hallieri","0",0
"Uma_exsul","0",0
"Uma_inornata","0",0
"Uma_notata","0",0
"Uma_paraphygas","0",0
"Uma_scoparia","0",0
"Underwoodisaurus_milii","0",0
"Uracentron_flaviceps","1",0
"Uranoscodon_superciliosus","0",0
"Urocotyledon_inexpectata","1",1
"Uromastyx_acanthinura","0",0
"Uromastyx_aegyptia","0",0
"Uromastyx_benti","0",0
"Uromastyx_dispar","0",0
"Uromastyx_geyri","0",0
"Uromastyx_macfadyeni","0",0
"Uromastyx_ocellata","0",0
"Uromastyx_ornata","0",0
"Uromastyx_princeps","0",0
"Uromastyx_thomasi","0",0
"Uroplatus_alluaudi","1",1
"Uroplatus_ebenaui","1",1
"Uroplatus_fimbriatus","1",1
"Uroplatus_giganteus","1",1
"Uroplatus_guentheri","1",1
"Uroplatus_henkeli","1",1
"Uroplatus_lineatus","1",1
"Uroplatus_malahelo","1",1
"Uroplatus_malama","1",1
"Uroplatus_phantasticus","1",1
"Uroplatus_pietschmanni","1",1
"Uroplatus_sikorae","1",1
"Urosaurus_auriculatus","0",0
"Urosaurus_bicarinatus","1",0
"Urosaurus_clarionensis","0",0
"Urosaurus_gadovi","1",0
"Urosaurus_graciosus","1",0
"Urosaurus_lahtelai","1",0
"Urosaurus_nigricaudus","1",0
"Urosaurus_ornatus","1",0
"Urostrophus_gallardoi","1",0
"Urostrophus_vautieri","1",0
"Uta_palmeri","1",0
"Uta_squamata","0",0
"Uta_stansburiana","0",0
"Uvidicolus_sphyrurus","0",0
"Varanus_acanthurus","0",0
"Varanus_albigularis","1",0
"Varanus_baritji","0",0
"Varanus_beccarii","1",0
"Varanus_bengalensis","0",0
"Varanus_boehmei","1",0
"Varanus_brevicaudus","0",0
"Varanus_bushi","1",0
"Varanus_caerulivirens","0",0
"Varanus_caudolineatus","1",0
"Varanus_cerambonensis","0",0
"Varanus_doreanus","0",0
"Varanus_dumerilii","0",0
"Varanus_eremius","0",0
"Varanus_exanthematicus","1",0
"Varanus_finschi","1",0
"Varanus_flavescens","0",0
"Varanus_giganteus","0",0
"Varanus_gilleni","1",0
"Varanus_glauerti","1",0
"Varanus_glebopalma","0",0
"Varanus_gouldii","0",0
"Varanus_griseus","0",0
"Varanus_indicus","0",0
"Varanus_jobiensis","1",0
"Varanus_keithhornei","1",0
"Varanus_kingorum","0",0
"Varanus_komodoensis","0",0
"Varanus_macraei","1",0
"Varanus_marmoratus","0",0
"Varanus_melinus","0",0
"Varanus_mertensi","0",0
"Varanus_mitchelli","0",0
"Varanus_niloticus","0",0
"Varanus_olivaceus","1",0
"Varanus_panoptes","0",0
"Varanus_pilbarensis","0",0
"Varanus_prasinus","1",0
"Varanus_primordius","0",0
"Varanus_rainerguentheri","0",0
"Varanus_rosenbergi","0",0
"Varanus_rudicollis","1",0
"Varanus_salvadorii","1",0
"Varanus_salvator","0",0
"Varanus_scalaris","1",0
"Varanus_semiremex","0",0
"Varanus_spenceri","0",0
"Varanus_storri","0",0
"Varanus_timorensis","1",0
"Varanus_tristis","1",0
"Varanus_varius","1",0
"Varanus_yemenensis","0",0
"Varanus_yuwonoi","1",0
"Varzea_altamazonica","1",0
"Varzea_bistriata","1",0
"Xantusia_arizonae","0",0
"Xantusia_bezyi","0",0
"Xantusia_bolsonae","0",0
"Xantusia_gracilis","0",0
"Xantusia_henshawi","0",0
"Xantusia_riversiana","0",0
"Xantusia_sanchezi","1",0
"Xantusia_vigilis","0",0
"Xantusia_wigginsi","0",0
"Xenagama_taylori","0",0
"Xenosaurus_grandis","0",0
"Xenosaurus_platyceps","0",0
"Zonosaurus_aeneus","0",0
"Zonosaurus_bemaraha","0",0
"Zonosaurus_boettgeri","1",0
"Zonosaurus_brygooi","0",0
"Zonosaurus_haraldmeieri","0",0
"Zonosaurus_karsteni","0",0
"Zonosaurus_laticaudatus","0",0
"Zonosaurus_madagascariensis","0",0
"Zonosaurus_ornatus","1",0
"Zonosaurus_quadrilineatus","0",0
"Zonosaurus_rufipes","1",0
"Zonosaurus_trilineatus","0",0
"Zonosaurus_tsingy","0",0
"Zootoca_vivipara","0",0
